<?xml version="1.0" encoding="UTF-8"?>
<metadata xml:lang="en"><Esri><CreaDate>20190430</CreaDate><CreaTime>11303700</CreaTime><ArcGISFormat>1.0</ArcGISFormat><SyncOnce>FALSE</SyncOnce><DataProperties><itemProps><itemName Sync="TRUE">Crime_Nighttime</itemName><imsContentType Sync="TRUE">002</imsContentType><itemSize Sync="TRUE">0.000</itemSize><itemLocation><linkage Sync="TRUE">file://\\GEOG-260-13\G\Spring 2019\WebGIS\Crime_Nighttime.shp</linkage><protocol Sync="TRUE">Local Area Network</protocol></itemLocation></itemProps><coordRef><type Sync="TRUE">Geographic</type><geogcsn Sync="TRUE">GCS_WGS_1984</geogcsn><csUnits Sync="TRUE">Angular Unit: Degree (0.017453)</csUnits><peXml Sync="TRUE">&lt;GeographicCoordinateSystem xsi:type='typens:GeographicCoordinateSystem' xmlns:xsi='http://www.w3.org/2001/XMLSchema-instance' xmlns:xs='http://www.w3.org/2001/XMLSchema' xmlns:typens='http://www.esri.com/schemas/ArcGIS/10.6'&gt;&lt;WKT&gt;GEOGCS[&amp;quot;GCS_WGS_1984&amp;quot;,DATUM[&amp;quot;D_WGS_1984&amp;quot;,SPHEROID[&amp;quot;WGS_1984&amp;quot;,6378137.0,298.257223563]],PRIMEM[&amp;quot;Greenwich&amp;quot;,0.0],UNIT[&amp;quot;Degree&amp;quot;,0.0174532925199433],AUTHORITY[&amp;quot;EPSG&amp;quot;,4326]]&lt;/WKT&gt;&lt;XOrigin&gt;-400&lt;/XOrigin&gt;&lt;YOrigin&gt;-400&lt;/YOrigin&gt;&lt;XYScale&gt;11258999068426.238&lt;/XYScale&gt;&lt;ZOrigin&gt;-100000&lt;/ZOrigin&gt;&lt;ZScale&gt;10000&lt;/ZScale&gt;&lt;MOrigin&gt;-100000&lt;/MOrigin&gt;&lt;MScale&gt;10000&lt;/MScale&gt;&lt;XYTolerance&gt;8.983152841195215e-09&lt;/XYTolerance&gt;&lt;ZTolerance&gt;0.001&lt;/ZTolerance&gt;&lt;MTolerance&gt;0.001&lt;/MTolerance&gt;&lt;HighPrecision&gt;true&lt;/HighPrecision&gt;&lt;LeftLongitude&gt;-180&lt;/LeftLongitude&gt;&lt;WKID&gt;4326&lt;/WKID&gt;&lt;LatestWKID&gt;4326&lt;/LatestWKID&gt;&lt;/GeographicCoordinateSystem&gt;</peXml></coordRef><lineage><Process ToolSource="c:\program files (x86)\arcgis\desktop10.6\ArcToolbox\Toolboxes\Data Management Tools.tbx\Merge" Date="20190228" Time="113144">Merge 19-23;0_8 "G:\Spring 2019\WebGIS\Crime_Nighttime.shp" "FILE_NUMBE "FILE_NUMBE" true true false 10 Long 0 10 ,First,#,19-23,FILE_NUMBE,-1,-1,0_8,FILE_NUMBE,-1,-1;OFFENSE_DA "OFFENSE_DA" true true false 8 Date 0 0 ,First,#,19-23,OFFENSE_DA,-1,-1,0_8,OFFENSE_DA,-1,-1;OFFENS_TIM "OFFENS_TIM" true true false 254 Text 0 0 ,First,#,19-23,OFFENS_TIM,-1,-1,0_8,OFFENS_TIM,-1,-1;OFFENS_HOU "OFFENS_HOU" true true false 10 Long 0 10 ,First,#,19-23,OFFENS_HOU,-1,-1,0_8,OFFENS_HOU,-1,-1;CRIME "CRIME" true true false 254 Text 0 0 ,First,#,19-23,CRIME,-1,-1,0_8,CRIME,-1,-1;COMMITTED "COMMITTED" true true false 254 Text 0 0 ,First,#,19-23,COMMITTED,-1,-1,0_8,COMMITTED,-1,-1;OFFENSE "OFFENSE" true true false 254 Text 0 0 ,First,#,19-23,OFFENSE,-1,-1,0_8,OFFENSE,-1,-1;OFFENSE_DE "OFFENSE_DE" true true false 254 Text 0 0 ,First,#,19-23,OFFENSE_DE,-1,-1,0_8,OFFENSE_DE,-1,-1;FULL_ADDRE "FULL_ADDRE" true true false 254 Text 0 0 ,First,#,19-23,FULL_ADDRE,-1,-1,0_8,FULL_ADDRE,-1,-1;ADDRESS_NU "ADDRESS_NU" true true false 10 Long 0 10 ,First,#,19-23,ADDRESS_NU,-1,-1,0_8,ADDRESS_NU,-1,-1;STREET_DIR "STREET_DIR" true true false 254 Text 0 0 ,First,#,19-23,STREET_DIR,-1,-1,0_8,STREET_DIR,-1,-1;STREET_NAM "STREET_NAM" true true false 254 Text 0 0 ,First,#,19-23,STREET_NAM,-1,-1,0_8,STREET_NAM,-1,-1;STREET_TYP "STREET_TYP" true true false 254 Text 0 0 ,First,#,19-23,STREET_TYP,-1,-1,0_8,STREET_TYP,-1,-1;CITY "CITY" true true false 254 Text 0 0 ,First,#,19-23,CITY,-1,-1,0_8,CITY,-1,-1;STATE "STATE" true true false 254 Text 0 0 ,First,#,19-23,STATE,-1,-1,0_8,STATE,-1,-1;ZIP_CODE "ZIP_CODE" true true false 10 Long 0 10 ,First,#,19-23,ZIP_CODE,-1,-1,0_8,ZIP_CODE,-1,-1;DISTRICT "DISTRICT" true true false 10 Long 0 10 ,First,#,19-23,DISTRICT,-1,-1,0_8,DISTRICT,-1,-1;ZONE "ZONE" true true false 254 Text 0 0 ,First,#,19-23,ZONE,-1,-1,0_8,ZONE,-1,-1;SUBZONE "SUBZONE" true true false 10 Long 0 10 ,First,#,19-23,SUBZONE,-1,-1,0_8,SUBZONE,-1,-1;COMPLETE_D "COMPLETE_D" true true false 254 Text 0 0 ,First,#,19-23,COMPLETE_D,-1,-1,0_8,COMPLETE_D,-1,-1;COUNCIL_DI "COUNCIL_DI" true true false 10 Long 0 10 ,First,#,19-23,COUNCIL_DI,-1,-1,0_8,COUNCIL_DI,-1,-1;CRIME_PREV "CRIME_PREV" true true false 254 Text 0 0 ,First,#,19-23,CRIME_PREV,-1,-1,0_8,CRIME_PREV,-1,-1;GEOLOCATIO "GEOLOCATIO" true true false 254 Text 0 0 ,First,#,19-23,GEOLOCATIO,-1,-1,0_8,GEOLOCATIO,-1,-1;Y "Y" true true false 19 Double 0 0 ,First,#,19-23,Y,-1,-1,0_8,Y,-1,-1;X "X" true true false 19 Double 0 0 ,First,#,19-23,X,-1,-1,0_8,X,-1,-1"</Process></lineage></DataProperties><SyncDate>20190228</SyncDate><SyncTime>11313700</SyncTime><ModDate>20190228</ModDate><ModTime>11313700</ModTime></Esri><dataIdInfo><envirDesc Sync="TRUE"> Version 6.2 (Build 9200) ; Esri ArcGIS 10.6.1.9270</envirDesc><dataLang><languageCode value="eng" Sync="TRUE"></languageCode><countryCode value="USA" Sync="TRUE"></countryCode></dataLang><idCitation><resTitle Sync="TRUE">Crime_Nighttime</resTitle><presForm><PresFormCd value="005" Sync="TRUE"></PresFormCd></presForm></idCitation><spatRpType><SpatRepTypCd value="001" Sync="TRUE"></SpatRepTypCd></spatRpType></dataIdInfo><mdLang><languageCode value="eng" Sync="TRUE"></languageCode><countryCode value="USA" Sync="TRUE"></countryCode></mdLang><mdChar><CharSetCd value="004" Sync="TRUE"></CharSetCd></mdChar><distInfo><distFormat><formatName Sync="TRUE">Shapefile</formatName></distFormat><distTranOps><transSize Sync="TRUE">0.000</transSize></distTranOps></distInfo><mdHrLv><ScopeCd value="005" Sync="TRUE"></ScopeCd></mdHrLv><mdHrLvName Sync="TRUE">dataset</mdHrLvName><refSysInfo><RefSystem><refSysID><identCode code="4326" Sync="TRUE"></identCode><idCodeSpace Sync="TRUE">EPSG</idCodeSpace><idVersion Sync="TRUE">6.14(3.0.1)</idVersion></refSysID></RefSystem></refSysInfo><spatRepInfo><VectSpatRep><geometObjs Name="Crime_Nighttime"><geoObjTyp><GeoObjTypCd value="004" Sync="TRUE"></GeoObjTypCd></geoObjTyp><geoObjCnt Sync="TRUE">0</geoObjCnt></geometObjs><topLvl><TopoLevCd value="001" Sync="TRUE"></TopoLevCd></topLvl></VectSpatRep></spatRepInfo><spdoinfo><ptvctinf><esriterm Name="Crime_Nighttime"><efeatyp Sync="TRUE">Simple</efeatyp><efeageom code="1" Sync="TRUE"></efeageom><esritopo Sync="TRUE">FALSE</esritopo><efeacnt Sync="TRUE">0</efeacnt><spindex Sync="TRUE">FALSE</spindex><linrefer Sync="TRUE">FALSE</linrefer></esriterm></ptvctinf></spdoinfo><eainfo><detailed Name="Crime_Nighttime"><enttyp><enttypl Sync="TRUE">Crime_Nighttime</enttypl><enttypt Sync="TRUE">Feature Class</enttypt><enttypc Sync="TRUE">0</enttypc></enttyp><attr><attrlabl Sync="TRUE">FID</attrlabl><attalias Sync="TRUE">FID</attalias><attrtype Sync="TRUE">OID</attrtype><attwidth Sync="TRUE">4</attwidth><atprecis Sync="TRUE">0</atprecis><attscale Sync="TRUE">0</attscale><attrdef Sync="TRUE">Internal feature number.</attrdef><attrdefs Sync="TRUE">Esri</attrdefs><attrdomv><udom Sync="TRUE">Sequential unique whole numbers that are automatically generated.</udom></attrdomv></attr><attr><attrlabl Sync="TRUE">Shape</attrlabl><attalias Sync="TRUE">Shape</attalias><attrtype Sync="TRUE">Geometry</attrtype><attwidth Sync="TRUE">0</attwidth><atprecis Sync="TRUE">0</atprecis><attscale Sync="TRUE">0</attscale><attrdef Sync="TRUE">Feature geometry.</attrdef><attrdefs Sync="TRUE">Esri</attrdefs><attrdomv><udom Sync="TRUE">Coordinates defining the features.</udom></attrdomv></attr><attr><attrlabl Sync="TRUE">FILE_NUMBE</attrlabl><attalias Sync="TRUE">FILE_NUMBE</attalias><attrtype Sync="TRUE">Integer</attrtype><attwidth Sync="TRUE">10</attwidth><atprecis Sync="TRUE">10</atprecis><attscale Sync="TRUE">0</attscale></attr><attr><attrlabl Sync="TRUE">OFFENSE_DA</attrlabl><attalias Sync="TRUE">OFFENSE_DA</attalias><attrtype Sync="TRUE">Date</attrtype><attwidth Sync="TRUE">8</attwidth><atprecis Sync="TRUE">0</atprecis><attscale Sync="TRUE">0</attscale></attr><attr><attrlabl Sync="TRUE">OFFENS_TIM</attrlabl><attalias Sync="TRUE">OFFENS_TIM</attalias><attrtype Sync="TRUE">String</attrtype><attwidth Sync="TRUE">254</attwidth><atprecis Sync="TRUE">0</atprecis><attscale Sync="TRUE">0</attscale></attr><attr><attrlabl Sync="TRUE">OFFENS_HOU</attrlabl><attalias Sync="TRUE">OFFENS_HOU</attalias><attrtype Sync="TRUE">Integer</attrtype><attwidth Sync="TRUE">10</attwidth><atprecis Sync="TRUE">10</atprecis><attscale Sync="TRUE">0</attscale></attr><attr><attrlabl Sync="TRUE">CRIME</attrlabl><attalias Sync="TRUE">CRIME</attalias><attrtype Sync="TRUE">String</attrtype><attwidth Sync="TRUE">254</attwidth><atprecis Sync="TRUE">0</atprecis><attscale Sync="TRUE">0</attscale></attr><attr><attrlabl Sync="TRUE">COMMITTED</attrlabl><attalias Sync="TRUE">COMMITTED</attalias><attrtype Sync="TRUE">String</attrtype><attwidth Sync="TRUE">254</attwidth><atprecis Sync="TRUE">0</atprecis><attscale Sync="TRUE">0</attscale></attr><attr><attrlabl Sync="TRUE">OFFENSE</attrlabl><attalias Sync="TRUE">OFFENSE</attalias><attrtype Sync="TRUE">String</attrtype><attwidth Sync="TRUE">254</attwidth><atprecis Sync="TRUE">0</atprecis><attscale Sync="TRUE">0</attscale></attr><attr><attrlabl Sync="TRUE">OFFENSE_DE</attrlabl><attalias Sync="TRUE">OFFENSE_DE</attalias><attrtype Sync="TRUE">String</attrtype><attwidth Sync="TRUE">254</attwidth><atprecis Sync="TRUE">0</atprecis><attscale Sync="TRUE">0</attscale></attr><attr><attrlabl Sync="TRUE">FULL_ADDRE</attrlabl><attalias Sync="TRUE">FULL_ADDRE</attalias><attrtype Sync="TRUE">String</attrtype><attwidth Sync="TRUE">254</attwidth><atprecis Sync="TRUE">0</atprecis><attscale Sync="TRUE">0</attscale></attr><attr><attrlabl Sync="TRUE">ADDRESS_NU</attrlabl><attalias Sync="TRUE">ADDRESS_NU</attalias><attrtype Sync="TRUE">Integer</attrtype><attwidth Sync="TRUE">10</attwidth><atprecis Sync="TRUE">10</atprecis><attscale Sync="TRUE">0</attscale></attr><attr><attrlabl Sync="TRUE">STREET_DIR</attrlabl><attalias Sync="TRUE">STREET_DIR</attalias><attrtype Sync="TRUE">String</attrtype><attwidth Sync="TRUE">254</attwidth><atprecis Sync="TRUE">0</atprecis><attscale Sync="TRUE">0</attscale></attr><attr><attrlabl Sync="TRUE">STREET_NAM</attrlabl><attalias Sync="TRUE">STREET_NAM</attalias><attrtype Sync="TRUE">String</attrtype><attwidth Sync="TRUE">254</attwidth><atprecis Sync="TRUE">0</atprecis><attscale Sync="TRUE">0</attscale></attr><attr><attrlabl Sync="TRUE">STREET_TYP</attrlabl><attalias Sync="TRUE">STREET_TYP</attalias><attrtype Sync="TRUE">String</attrtype><attwidth Sync="TRUE">254</attwidth><atprecis Sync="TRUE">0</atprecis><attscale Sync="TRUE">0</attscale></attr><attr><attrlabl Sync="TRUE">CITY</attrlabl><attalias Sync="TRUE">CITY</attalias><attrtype Sync="TRUE">String</attrtype><attwidth Sync="TRUE">254</attwidth><atprecis Sync="TRUE">0</atprecis><attscale Sync="TRUE">0</attscale></attr><attr><attrlabl Sync="TRUE">STATE</attrlabl><attalias Sync="TRUE">STATE</attalias><attrtype Sync="TRUE">String</attrtype><attwidth Sync="TRUE">254</attwidth><atprecis Sync="TRUE">0</atprecis><attscale Sync="TRUE">0</attscale></attr><attr><attrlabl Sync="TRUE">ZIP_CODE</attrlabl><attalias Sync="TRUE">ZIP_CODE</attalias><attrtype Sync="TRUE">Integer</attrtype><attwidth Sync="TRUE">10</attwidth><atprecis Sync="TRUE">10</atprecis><attscale Sync="TRUE">0</attscale></attr><attr><attrlabl Sync="TRUE">DISTRICT</attrlabl><attalias Sync="TRUE">DISTRICT</attalias><attrtype Sync="TRUE">Integer</attrtype><attwidth Sync="TRUE">10</attwidth><atprecis Sync="TRUE">10</atprecis><attscale Sync="TRUE">0</attscale></attr><attr><attrlabl Sync="TRUE">ZONE</attrlabl><attalias Sync="TRUE">ZONE</attalias><attrtype Sync="TRUE">String</attrtype><attwidth Sync="TRUE">254</attwidth><atprecis Sync="TRUE">0</atprecis><attscale Sync="TRUE">0</attscale></attr><attr><attrlabl Sync="TRUE">SUBZONE</attrlabl><attalias Sync="TRUE">SUBZONE</attalias><attrtype Sync="TRUE">Integer</attrtype><attwidth Sync="TRUE">10</attwidth><atprecis Sync="TRUE">10</atprecis><attscale Sync="TRUE">0</attscale></attr><attr><attrlabl Sync="TRUE">COMPLETE_D</attrlabl><attalias Sync="TRUE">COMPLETE_D</attalias><attrtype Sync="TRUE">String</attrtype><attwidth Sync="TRUE">254</attwidth><atprecis Sync="TRUE">0</atprecis><attscale Sync="TRUE">0</attscale></attr><attr><attrlabl Sync="TRUE">COUNCIL_DI</attrlabl><attalias Sync="TRUE">COUNCIL_DI</attalias><attrtype Sync="TRUE">Integer</attrtype><attwidth Sync="TRUE">10</attwidth><atprecis Sync="TRUE">10</atprecis><attscale Sync="TRUE">0</attscale></attr><attr><attrlabl Sync="TRUE">CRIME_PREV</attrlabl><attalias Sync="TRUE">CRIME_PREV</attalias><attrtype Sync="TRUE">String</attrtype><attwidth Sync="TRUE">254</attwidth><atprecis Sync="TRUE">0</atprecis><attscale Sync="TRUE">0</attscale></attr><attr><attrlabl Sync="TRUE">GEOLOCATIO</attrlabl><attalias Sync="TRUE">GEOLOCATIO</attalias><attrtype Sync="TRUE">String</attrtype><attwidth Sync="TRUE">254</attwidth><atprecis Sync="TRUE">0</atprecis><attscale Sync="TRUE">0</attscale></attr><attr><attrlabl Sync="TRUE">Y</attrlabl><attalias Sync="TRUE">Y</attalias><attrtype Sync="TRUE">Double</attrtype><attwidth Sync="TRUE">19</attwidth><atprecis Sync="TRUE">0</atprecis><attscale Sync="TRUE">0</attscale></attr><attr><attrlabl Sync="TRUE">X</attrlabl><attalias Sync="TRUE">X</attalias><attrtype Sync="TRUE">Double</attrtype><attwidth Sync="TRUE">19</attwidth><atprecis Sync="TRUE">0</atprecis><attscale Sync="TRUE">0</attscale></attr></detailed></eainfo><mdDateSt Sync="TRUE">20190228</mdDateSt></metadata>
